franchise,subject,slug,original_size,image_url,source_page,notes
ghibli,Anna Sasaki,anna-sasaki,350x490,https://static.wikia.nocookie.net/studio-ghibli/images/2/29/Anna_Sasaki.jpg,https://ghibli.fandom.com/wiki/File%3AAnna_Sasaki.jpg,mediawiki/ghibli.fandom.com
ghibli,Arrietty,arrietty,270x378,https://static.wikia.nocookie.net/studio-ghibli/images/0/04/Arrietty.jpg,https://ghibli.fandom.com/wiki/Arrietty,mediawiki/ghibli.fandom.com
ghibli,Ashitaka,ashitaka,350x490,https://static.wikia.nocookie.net/studio-ghibli/images/4/49/Ashitaka.jpg,https://ghibli.fandom.com/wiki/Ashitaka,Image hosted on Fandom (CC-BY-SA wiki text; images are usually copyright the rights holder). Personal use only.
ghibli,Baron Humbert von Gikkingen,baron-humbert-von-gikkingen,2000x3000,https://static.wikia.nocookie.net/studio-ghibli/images/7/7b/Whisper_of_the_Heart.jpg,https://ghibli.fandom.com/wiki/Whisper_of_the_Heart,mediawiki/ghibli.fandom.com
ghibli,Boh,boh,300x466,https://static.wikia.nocookie.net/studio-ghibli/images/7/7e/Boh_winks.jpg,https://ghibli.fandom.com/wiki/Boh,Image hosted on Fandom (CC-BY-SA wiki text; images are usually copyright the rights holder). Personal use only.
ghibli,Calcifer,calcifer,591x587,https://static.wikia.nocookie.net/studio-ghibli/images/2/2a/Calcifer.png,https://ghibli.fandom.com/wiki/Calcifer,Image hosted on Fandom (CC-BY-SA wiki text; images are usually copyright the rights holder). Personal use only.
ghibli,Catbus,catbus,640x342,https://static.wikia.nocookie.net/studio-ghibli/images/3/30/Catbus.jpg,https://ghibli.fandom.com/wiki/Catbus,Image hosted on Fandom (CC-BY-SA wiki text; images are usually copyright the rights holder). Personal use only.
ghibli,Chihiro Ogino,chihiro-ogino,350x490,https://static.wikia.nocookie.net/studio-ghibli/images/8/8e/Chihiro_Ogino.jpg,https://ghibli.fandom.com/wiki/Chihiro_Ogino,Image hosted on Fandom (CC-BY-SA wiki text; images are usually copyright the rights holder). Personal use only.
ghibli,Gray Heron,gray-heron,1919x1038,https://static.wikia.nocookie.net/studio-ghibli/images/b/b8/The_Boy_and_the_Heron_09.jpg,https://ghibli.fandom.com/wiki/The_Gray_Heron,mediawiki/ghibli.fandom.com
ghibli,Haku,haku,666x751,https://static.wikia.nocookie.net/studio-ghibli/images/8/89/Haku-2.png,https://ghibli.fandom.com/wiki/Haku,Image hosted on Fandom (CC-BY-SA wiki text; images are usually copyright the rights holder). Personal use only.
ghibli,Howl,howl,1920x1038,https://static.wikia.nocookie.net/studio-ghibli/images/f/fe/Howl_Jenkins_Pendragon.jpg,https://ghibli.fandom.com/wiki/Howl_Jenkins_Pendragon,Image hosted on Fandom (CC-BY-SA wiki text; images are usually copyright the rights holder). Personal use only.
ghibli,Jiji,jiji,350x489,https://static.wikia.nocookie.net/studio-ghibli/images/b/b4/Jiji.jpg,https://ghibli.fandom.com/wiki/Jiji,Image hosted on Fandom (CC-BY-SA wiki text; images are usually copyright the rights holder). Personal use only.
ghibli,Jiro Horikoshi,jiro-horikoshi,350x490,https://static.wikia.nocookie.net/studio-ghibli/images/d/d7/Jirou_Horikoshi.jpg,https://ghibli.fandom.com/wiki/Jiro_Horikoshi,mediawiki/ghibli.fandom.com
ghibli,Kamaji,kamaji,331x340,https://static.wikia.nocookie.net/studio-ghibli/images/7/78/Kamaji.jpg,https://ghibli.fandom.com/wiki/Kamaj%C4%AB,mediawiki/ghibli.fandom.com
ghibli,Kiki,kiki,350x489,https://static.wikia.nocookie.net/studio-ghibli/images/5/59/Kiki.jpg,https://ghibli.fandom.com/wiki/Kiki,Image hosted on Fandom (CC-BY-SA wiki text; images are usually copyright the rights holder). Personal use only.
ghibli,Kodama,kodama,500x290,https://static.wikia.nocookie.net/studio-ghibli/images/3/32/Kodama_Animation.gif,https://ghibli.fandom.com/wiki/Kodama,Image hosted on Fandom (CC-BY-SA wiki text; images are usually copyright the rights holder). Personal use only.
ghibli,Lin,lin,415x489,https://static.wikia.nocookie.net/studio-ghibli/images/f/f2/Lin_face.png,https://ghibli.fandom.com/wiki/Lin,mediawiki/ghibli.fandom.com
ghibli,Mahito Maki,mahito-maki,1920x1038,https://static.wikia.nocookie.net/studio-ghibli/images/8/83/The_Boy_and_the_Heron_03.jpg,https://ghibli.fandom.com/wiki/Mahito_Maki,mediawiki/ghibli.fandom.com
ghibli,Markl,markl,898x1032,https://static.wikia.nocookie.net/studio-ghibli/images/5/5d/Markl.jpg,https://ghibli.fandom.com/wiki/Markl,mediawiki/ghibli.fandom.com
ghibli,Mei Kusakabe,mei-kusakabe,345x344,https://static.wikia.nocookie.net/studio-ghibli/images/0/01/Mei_Kusakabe.jpg,https://ghibli.fandom.com/wiki/Mei_Kusakabe,Image hosted on Fandom (CC-BY-SA wiki text; images are usually copyright the rights holder). Personal use only.
ghibli,Moro,moro,603x605,https://static.wikia.nocookie.net/studio-ghibli/images/5/5e/Moro.png,https://ghibli.fandom.com/wiki/Moro,mediawiki/ghibli.fandom.com
ghibli,Nausicaa,nausicaa,350x490,https://static.wikia.nocookie.net/studio-ghibli/images/b/be/Nausicaa.jpg,https://ghibli.fandom.com/wiki/Nausica%C3%A4,Image hosted on Fandom (CC-BY-SA wiki text; images are usually copyright the rights holder). Personal use only.
ghibli,No-Face,no-face,1400x700,https://static1.cbrimages.com/wordpress/wp-content/uploads/2024/06/what-no-face-in-spirited-away-represents-explained-feature.jpg,https://static1.cbrimages.com/wordpress/wp-content/uploads/2024/06/what-no-face-in-spirited-away-represents-explained-feature.jpg,direct/url
ghibli,Ohmu,ohmu,468x257,https://static.wikia.nocookie.net/studio-ghibli/images/a/a3/Ohmu.jpg,https://ghibli.fandom.com/wiki/Ohmu,mediawiki/ghibli.fandom.com; soft - only 225px usable width vs 200 needed
ghibli,Pazu,pazu,350x490,https://static.wikia.nocookie.net/studio-ghibli/images/8/8b/Pazu.jpg,https://ghibli.fandom.com/wiki/Pazu,mediawiki/ghibli.fandom.com
ghibli,Ponyo,ponyo,1200x630,https://static1.moviewebimages.com/wordpress/wp-content/uploads/2023/09/ponyo-hugs-sosuke-in-ponyo.jpg,https://static1.moviewebimages.com/wordpress/wp-content/uploads/2023/09/ponyo-hugs-sosuke-in-ponyo.jpg,direct/url
ghibli,Porco Rosso (character),porco-rosso-character,353x200,https://static.wikia.nocookie.net/studio-ghibli/images/9/98/Aiuto_Gang_boss.jpg,https://ghibli.fandom.com/wiki/Capo,mediawiki/ghibli.fandom.com; soft - only 175px usable width vs 200 needed
ghibli,Robot Soldiers,robot-soldiers,1920x1038,https://www.ghibli.jp/gallery/laputa040.jpg,https://www.ghibli.jp/gallery/laputa040.jpg,direct/url
ghibli,San,san,350x490,https://static.wikia.nocookie.net/studio-ghibli/images/3/3f/San.jpg,https://ghibli.fandom.com/wiki/San,Image hosted on Fandom (CC-BY-SA wiki text; images are usually copyright the rights holder). Personal use only.
ghibli,Satsuki Kusakabe,satsuki-kusakabe,350x490,https://static.wikia.nocookie.net/studio-ghibli/images/f/f2/Satsuki_Kusakabe.jpg,https://ghibli.fandom.com/wiki/Satsuki_Kusakabe,Image hosted on Fandom (CC-BY-SA wiki text; images are usually copyright the rights holder). Personal use only.
ghibli,Seita Yokokawa,seita-yokokawa,350x490,https://static.wikia.nocookie.net/studio-ghibli/images/2/21/Seita_Yokokawa.jpg,https://ghibli.fandom.com/wiki/Seita_Yokokawa,mediawiki/ghibli.fandom.com
ghibli,Setsuko Yokokawa,setsuko-yokokawa,350x490,https://static.wikia.nocookie.net/studio-ghibli/images/a/a8/Setsuko_Yokokawa.jpg,https://ghibli.fandom.com/wiki/Setsuko_Yokokawa,mediawiki/ghibli.fandom.com
ghibli,Sheeta,sheeta,447x542,https://static.wikia.nocookie.net/studio-ghibli/images/b/bb/Sheeta_3.png,https://ghibli.fandom.com/wiki/Sheeta,mediawiki/ghibli.fandom.com
ghibli,Shizuku Tsukishima,shizuku-tsukishima,350x490,https://static.wikia.nocookie.net/studio-ghibli/images/6/67/Shizuku_Tsukishima.jpg,https://ghibli.fandom.com/wiki/Shizuku_Tsukishima,mediawiki/ghibli.fandom.com
ghibli,Sophie Hatter,sophie-hatter,614x712,https://static.wikia.nocookie.net/studio-ghibli/images/f/f4/Sophie_short_hair.jpg,https://ghibli.fandom.com/wiki/Sophie_Hatter,Image hosted on Fandom (CC-BY-SA wiki text; images are usually copyright the rights holder). Personal use only.
ghibli,Sosuke,sosuke,600x315,https://static.wikia.nocookie.net/studio-ghibli/images/c/cf/Sosuke.jpg,https://ghibli.fandom.com/wiki/S%C5%8Dsuke,mediawiki/ghibli.fandom.com
ghibli,Susuwatari,susuwatari,504x253,https://static.wikia.nocookie.net/studio-ghibli/images/5/56/Susuwatari_%285%29.jpg,https://ghibli.fandom.com/wiki/Susuwatari,mediawiki/ghibli.fandom.com; soft - only 222px usable width vs 200 needed
ghibli,Teto,teto,582x479,https://static.wikia.nocookie.net/studio-ghibli/images/5/5a/Teto.png,https://ghibli.fandom.com/wiki/Fox_Squirrel,mediawiki/ghibli.fandom.com
ghibli,Totoro,totoro,529x753,https://static.wikia.nocookie.net/studio-ghibli/images/d/df/Totoro_in_the_rain.png,https://ghibli.fandom.com/wiki/Totoro,Image hosted on Fandom (CC-BY-SA wiki text; images are usually copyright the rights holder). Personal use only.
ghibli,Turnip Head,turnip-head,740x370,https://static.wikia.nocookie.net/studio-ghibli/images/e/e7/Turnip-Head-In-Howls-Moving-Castle.jpg,https://ghibli.fandom.com/wiki/Turnip_Head,Image hosted on Fandom (CC-BY-SA wiki text; images are usually copyright the rights holder). Personal use only.
ghibli,Umi Matsuzaki,umi-matsuzaki,350x490,https://static.wikia.nocookie.net/studio-ghibli/images/9/93/Umi_Matsuzaki.jpg,https://ghibli.fandom.com/wiki/Umi_Matsuzaki,mediawiki/ghibli.fandom.com
ghibli,Witch of the Waste,witch-of-the-waste,225x350,https://static.wikia.nocookie.net/studio-ghibli/images/3/3f/The_Witch.jpg,https://ghibli.fandom.com/wiki/Witch_of_the_Waste,mediawiki/ghibli.fandom.com; soft - only 225px usable width vs 200 needed
ghibli,Yubaba,yubaba,1024x546,https://static.wikia.nocookie.net/studio-ghibli/images/f/f8/Yubaba-0.jpg,https://ghibli.fandom.com/wiki/Yubaba,Image hosted on Fandom (CC-BY-SA wiki text; images are usually copyright the rights holder). Personal use only.
ghibli,Zeniba,zeniba,640x365,https://static.wikia.nocookie.net/studio-ghibli/images/d/d8/Zeniba.png,https://ghibli.fandom.com/wiki/Zeniba,mediawiki/ghibli.fandom.com
ghibli_artwork,Arrietty,arrietty,750x1061,https://www.ghibli.jp/images/karigurashi.jpg,https://www.ghibli.jp/works/karigurashi/,direct/www.ghibli.jp
ghibli_artwork,From Up on Poppy Hill,from-up-on-poppy-hill,750x1061,https://www.ghibli.jp/images/kokurikozaka.jpg,https://www.ghibli.jp/works/kokurikozaka/,direct/www.ghibli.jp
ghibli_artwork,Ocean Waves,ocean-waves,750x1061,https://www.ghibli.jp/images/umi.jpg,https://www.ghibli.jp/works/umi/,direct/www.ghibli.jp
ghibli_artwork,Only Yesterday,only-yesterday,750x1061,https://www.ghibli.jp/images/omoide.jpg,https://www.ghibli.jp/works/omoide/,direct/www.ghibli.jp
ghibli_artwork,Porco Rosso,porco-rosso,750x1061,https://www.ghibli.jp/images/porco.jpg,https://www.ghibli.jp/works/porco/,direct/www.ghibli.jp
ghibli_artwork,Tales from Earthsea,tales-from-earthsea,750x1061,https://www.ghibli.jp/images/ged.jpg,https://www.ghibli.jp/works/ged/,direct/www.ghibli.jp
ghibli_artwork,The Boy and the Heron,the-boy-and-the-heron,750x1061,https://www.ghibli.jp/images/kimitachi.jpg,https://www.ghibli.jp/works/kimitachi/,direct/www.ghibli.jp
ghibli_artwork,The Red Turtle,the-red-turtle,750x1061,https://www.ghibli.jp/images/red-turtle.jpg,https://www.ghibli.jp/works/red-turtle/,direct/www.ghibli.jp
ghibli_artwork,When Marnie Was There,when-marnie-was-there,750x1061,https://www.ghibli.jp/images/marnie.jpg,https://www.ghibli.jp/works/marnie/,direct/www.ghibli.jp
ghibli_artwork,Whisper of the Heart,whisper-of-the-heart,750x1061,https://www.ghibli.jp/images/mimi.jpg,https://www.ghibli.jp/works/mimi/,direct/www.ghibli.jp
ghibli_media,Castle in the Sky,castle-in-the-sky,265x377,https://upload.wikimedia.org/wikipedia/en/f/f5/Castle_in_the_Sky_%281986%29.png,https://en.wikipedia.org/wiki/Castle_in_the_Sky,mediawiki/en.wikipedia.org
ghibli_media,Grave of the Fireflies,grave-of-the-fireflies,260x385,https://upload.wikimedia.org/wikipedia/en/a/a5/Grave_of_the_Fireflies_Japanese_poster.jpg,https://en.wikipedia.org/wiki/Grave_of_the_Fireflies,mediawiki/en.wikipedia.org
ghibli_media,Kiki's Delivery Service,kikis-delivery-service,250x351,https://upload.wikimedia.org/wikipedia/en/0/07/Kiki%27s_Delivery_Service_%28Movie%29.jpg,https://en.wikipedia.org/wiki/Kiki%27s_Delivery_Service,mediawiki/en.wikipedia.org
ghibli_media,Nausicaä of the Valley of the Wind (film),nausicaä-of-the-valley-of-the-wind-film,265x376,https://upload.wikimedia.org/wikipedia/en/b/bc/Nausicaaposter.jpg,https://en.wikipedia.org/wiki/Nausica%C3%A4_of_the_Valley_of_the_Wind_%28film%29,mediawiki/en.wikipedia.org
ghibli_media,Pom Poko,pom-poko,1024x1460,https://static.wikia.nocookie.net/studio-ghibli/images/9/9e/Pom_Poko.jpg/revision/latest?cb=20181106033231,https://ghibli.fandom.com/wiki/File:Pom_Poko.jpg,direct/url
ghibli_media,Ponyo (film),ponyo-film,4052x6002,https://static.wikia.nocookie.net/studio-ghibli/images/d/d2/Ponyo_Poster_English.jpg,https://ghibli.fandom.com/wiki/File:Ponyo_Poster_English.jpg,direct/url
ghibli_media,The Cat Returns,the-cat-returns,249x350,https://upload.wikimedia.org/wikipedia/en/8/8e/Cat_Returns.jpg?utm_source=en.wikipedia.org&utm_campaign=api&utm_content=original,https://en.wikipedia.org/wiki/The_Cat_Returns,mediawiki/en.wikipedia.org; soft - only 249px usable width vs 200 needed
ghibli_media,The Tale of the Princess Kaguya (film),the-tale-of-the-princess-kaguya-film,900x1315,https://static.wikia.nocookie.net/studio-ghibli/images/c/c4/The_Tale_of_the_Princess_Kaguya-_English_poster.jpg/revision/latest?cb=20180822140140,https://ghibli.fandom.com/wiki/File:The_Tale_of_the_Princess_Kaguya-_English_poster.jpg,direct/url
ghibli_media,The Wind Rises,the-wind-rises,250x352,https://upload.wikimedia.org/wikipedia/en/a/a3/Kaze_Tachinu_poster.jpg,https://en.wikipedia.org/wiki/The_Wind_Rises,mediawiki/en.wikipedia.org
